name,location,price,area,time,link_url,total_price,price_per_square,Dien_Tich,Mat_Tien
"2 tỷ/100m2 full thổ cư sổ đỏ, mặt tiền 6-8m tại CNC Hoà Lạc, gần chợ, QL21, trung tâm hành chính","Xã Hòa Thạch, Quốc Oai, Hà Nội",20 triệu/m² ~2 tỷ,100 m² Mặt tiền 6 m,08/10/2025,"https://batdongsan.com.vn/ban-dat-xa-hoa-thach/hon-2-ty-100m2-full-tho-cu-so-do-mat-tien-6-8m-tai-cnc-lac-gan-cho-ql21-trung-tam-hanh-chinh-pr44214237
",2 tỷ,20 triệu/m² ,100 m²,6 m
Chính chủ bán T10: Studio 1tỷ755; 1PN+ 2.84 tỷ; 2PN 3.365 tỷ; 2PN+ 4.3 tỷ; 3PN 4tỷ960 Smart City,"Dự án The Sapphire-Vinhomes Smart City, Phường Tây Mỗ, Nam Từ Liêm, Hà Nội","1,76 tỷ ~70,2 triệu/m²",25 m²,2025,"https://batdongsan.com.vn/ban-can-ho-chung-cu-phuong-tay-mo-prj-the-sapphire-vinhomes-smart-city/chinh-chu-ban-t7-studio-1ty755-1pn-2-84-ty-2pn-3-365-ty-2pn-4-18ty-3pn-4ty960-city-pr43910714
","1,76 tỷ ","70,2 triệu/m²",25 m²,
"Hàng F0 chính chủ 2 tỷ/100m2 full thổ cư sổ đỏ CNC Hoà Lạc, MT 6m, oto tránh nhau, gần chợ, QL21","Xã Phú Cát, Quốc Oai, Hà Nội",20 triệu/m² ~2 tỷ,100 m²,13/10/2025,"https://batdongsan.com.vn/ban-dat-xa-phu-cat-1/hang-f0-chinh-chu-2ty-100m2-full-tho-cu-so-do-cnc-hoalac-tien-6m-gan-cho-ql21-trung-tam-hanh-chinh-pr44255749
",2 tỷ,20 triệu/m² ,100 m²,
"Chính chủ cần bán gấp lô góc 100m2 ngay DT416, nằm ở trung tâm Xã, ngay Thị Xã Sơn Tây, gần CNC","Đường Quốc lộ 21A(Quốc lộ 21), Phường Kim Sơn, Sơn Tây, Hà Nội",20 triệu/m² ~2 tỷ,100 m² Mặt tiền 8 m,2025,"https://batdongsan.com.vn/ban-dat-duong-quoc-lo-21a-quoc-lo-21-phuong-kim-son-6/chinh-chu-can-ban-gap-goc-100m2-ngay-dt416-nam-o-trung-tam-xa-ngay-thi-xa-tay-gan-cnc-pr44261150
",2 tỷ,20 triệu/m² ,100 m²,8 m
"Duy nhất 1 lô chỉ bán trong 3 ngày. 100m2 full thổ cư mà chỉ 1,980 tỷ. Phú Cát, Quốc Oai","Đường Quốc lộ 21A(Quốc lộ 21), Xã Phú Cát, Quốc Oai, Hà Nội","1,98 tỷ ~19,8 triệu/m²",100 m² Mặt tiền 6 m,2025,"https://batdongsan.com.vn/ban-dat-duong-quoc-lo-21a-quoc-lo-21-xa-phu-cat-1/duy-nhat-1-chi-ban-trong-3-ngay-100m2-full-tho-cu-ma-chi-1-980-ty-oai-pr44289756
","1,98 tỷ ","19,8 triệu/m²",100 m²,6 m
Chính chủ bán 5 lô đất tại phường Tùng Thiện Sơn Tây. Diện tích trên 100m giá hơn 1 tỷ. Gần trường.,"Đường 21, Xã Thanh Mỹ, Sơn Tây, Hà Nội","1,7 tỷ ~15,71 triệu/m²","108,2 m² Mặt tiền 6 m",2025,"https://batdongsan.com.vn/ban-dat-duong-21-1-xa-thanh-my-3/chinh-chu-ban-5-lo-tai-phuong-tung-thien-son-tay-dien-tich-tren-100m-gia-hon-1-ty-gan-truong-pr44288137
","1,7 tỷ ","15,71 triệu/m²","108,2 m²",6 m
Bán gấp - chung cư mini thông Trích Sài - Tây Hồ - 52m2 - ban công - gần ô tô - gần bệnh viện,"Đường Lạc Long Quân, Phường Bưởi, Tây Hồ, Hà Nội","1,98 tỷ ~38,08 triệu/m²",52 m²,2025,"https://batdongsan.com.vn/ban-can-ho-chung-cu-mini-duong-lac-long-quan-phuong-buoi/ban-gap-tay-giang-van-minh-doi-ba-dinh-tu-900tr-so-ng-vinh-vien-pr37692757
","1,98 tỷ ","38,08 triệu/m²",52 m²,
"Giá tốt 2 tỷ sở hữu lô đất 100m2 full TC tại Hoà Trúc, Phú Cát, Hà Nội, view hồ đường thông MT 6,2m","Xã Hòa Thạch, Quốc Oai, Hà Nội",2 tỷ ~20 triệu/m²,100 m² Mặt tiền 6.2 m,2025,"https://batdongsan.com.vn/ban-dat-xa-hoa-thach/gia-tot-2ty-so-huu-lo-100mfuuk-tc-tai-truc-phu-cat-ha-noi-wie-ho-duong-thong-mat-6-20-pr44104297
",2 tỷ ,20 triệu/m²,100 m²,6.2 m
"Chính chủ Bán mảnh đất Full thổ cư tại Quan Châm Minh Đức Ứng Hoà 97,7m2","Xã Minh Đức, Ứng Hòa, Hà Nội","1,1 tỷ ~11,26 triệu/m²","97,7 m²",2025,"https://batdongsan.com.vn/ban-dat-xa-minh-duc-8/chinh-chu-ban-manh-full-tho-cu-tai-quan-cham-ung-hoa-97-7m2-pr44235673
","1,1 tỷ ","11,26 triệu/m²","97,7 m²",
"Cần chuyển nhượng mảnh đất kinh doanh 74,9m2 tại Chuôn Ngọ, Chuyên Mỹ, Phú Xuyên","Xã Chuyên Mỹ, Phú Xuyên, Hà Nội","1,85 tỷ ~24,7 triệu/m²","74,9 m² Mặt tiền 13.6 m",2025,"https://batdongsan.com.vn/ban-dat-xa-chuyen-my/can-nhuong-manh-kinh-doanh-74-9m2-tai-chuon-ngo-phu-xuyen-pr44235653
","1,85 tỷ ","24,7 triệu/m²","74,9 m²",13.6 m
"Chính Chủ Bán Gấp Lô Góc Siêu Đẹp Tại Xuân Khanh, Hoà Lạc, Sơn Tây Giá Chỉ Từ 1,8 tỷ - Sẵn sổ","Đường Hữu Nghị, Phường Xuân Khanh, Sơn Tây, Hà Nội","1,8 tỷ ~36 triệu/m²",50 m² Mặt tiền 5 m,2025,"https://batdongsan.com.vn/ban-dat-duong-huu-nghi-phuong-xuan-khanh-1/chinh-chu-ban-cat-lo-lo-goc-sieu-dep-tai-pho-son-tay-gia-chi-tu-1-8-ty-pr44115215
","1,8 tỷ ",36 triệu/m²,50 m²,5 m
"2 tỷ/100m2 full thổ, mặt tiền hơn 6m, tại CNC Hoà Lạc, gần chợ, QL21, trung tâm hành chính, sẵn sổ","Đường Hoà Thạch, Xã Phú Cát, Quốc Oai, Hà Nội",2 tỷ ~20 triệu/m²,100 m²,2025,"https://batdongsan.com.vn/ban-dat-duong-hoa-thach-xa-phu-cat-1/2ty-100m-full-tho-mat-tien-hon-6m-tai-cnc-lac-gan-cho-ql21-trung-tam-hanh-chinh-san-so-pr44202746
",2 tỷ ,20 triệu/m²,100 m²,
Tôi chính chủ bán lô đất 110m full thổ giá rẻ hơn thị trường 1.5giá (có ra lộc),"Xã Trần Phú, Chương Mỹ, Hà Nội","1,68 tỷ ~15,27 triệu/m²",110 m²,2025,"https://batdongsan.com.vn/ban-dat-xa-tran-phu-8/toi-chinh-chu-ban-lo-110m-full-tho-gia-re-hon-thi-truong-1-5gia-co-ra-loc-pr44295085
","1,68 tỷ ","15,27 triệu/m²",110 m²,
"Chính chủ bán 80m2 đất ở, giá 1,45 tỷ","Xã Phù Linh, Sóc Sơn, Hà Nội","1,45 tỷ ~18,12 triệu/m²",80 m² Mặt tiền 5.15 m,2025,"https://batdongsan.com.vn/ban-dat-xa-phu-linh-1/chinh-chu-ban-80m2-o-gia-1-45-ty-pr43551785
","1,45 tỷ ","18,12 triệu/m²",80 m²,5.15 m
"Cắt lỗ - chung cư mini Thái Hà - Chùa Bộc 28 - 50m2, giá 1.29 tỷ - 1.9 tỷ, nhận nhà ở luôn","Phường Trung Liệt, Đống Đa, Hà Nội","1,29 tỷ ~34,86 triệu/m²",37 m²,2025,"https://batdongsan.com.vn/ban-can-ho-chung-cu-mini-phuong-trung-liet/cat-lo-thai-ha-chua-boc-37-50m2-gia-1-29-ty-1-9ty-nhan-nha-o-luon-pr43445124
","1,29 tỷ ","34,86 triệu/m²",37 m²,
"Chính chủ bán 83,8 m2 đất thổ cư Chương Mỹ, sẵn sổ đỏ 1,5 tỷ","Xã Trần Phú, Chương Mỹ, Hà Nội","1,5 tỷ ~17,9 triệu/m²","83,8 m²",2025,"https://batdongsan.com.vn/ban-dat-xa-tran-phu-8/chinh-chu-ban-83-8-m2-tho-cu-chuong-my-san-so-do-1-6-ty-pr44290747
","1,5 tỷ ","17,9 triệu/m²","83,8 m²",
"Bán đất tại Xã Phú Cát, Quốc Oai, Hà Nội, 1,9 tỷ, 100m2, view đẹp","Xã Phú Cát, Quốc Oai, Hà Nội","1,9 tỷ ~19 triệu/m²",100 m² Mặt tiền 11 m,2025,"https://batdongsan.com.vn/ban-dat-xa-phu-cat-1/ban-tai-quoc-oai-ha-noi-1-9-ty-100m2-view-dep-pr44289266
","1,9 tỷ ",19 triệu/m²,100 m²,11 m
"Bán gấp chung cư mini A1 bến xe Mỹ Đình - Phạm Hùng - Nam Từ Liêm, nội thất đầy đủ, 30-55m2","Phường Mỹ Đình 1, Nam Từ Liêm, Hà Nội","1,25 tỷ ~41,67 triệu/m²",30 m²,2025,"https://batdongsan.com.vn/ban-can-ho-chung-cu-mini-phuong-my-dinh-1/ban-gap-a1-ben-xe-pham-hung-nam-tu-liem-noi-that-day-du-so-hong-vinh-vien-pr42256386
","1,25 tỷ ","41,67 triệu/m²",30 m²,
"Lô góc gần 70m2 siêu đẹp - đường nhựa 10m, giá chưa đến 2 tỷ cách bến xe Yên Nghĩa 20km","Xã Đồng Tâm, Mỹ Đức, Hà Nội","1,95 tỷ ~28,47 triệu/m²","68,5 m² Mặt tiền 4.21 m",2025,"https://batdongsan.com.vn/ban-dat-xa-dong-tam-7/lo-goc-gan-70m2-sieu-dep-duong-nhua-10m-gia-chua-den-2-ty-cach-ben-xe-yen-nghia-20km-pr44288995
","1,95 tỷ ","28,47 triệu/m²","68,5 m²",4.21 m
Chính chủ - cần bán đất tại Xã Xuân Mai - Hà Nội Diện tích 150m2 (100 thổ cư). Pháp lý: Sổ đỏ riêng,"Xã Nam Phương Tiến, Chương Mỹ, Hà Nội","1,8 tỷ ~12 triệu/m²",150 m² Mặt tiền 5 m,2025,"https://batdongsan.com.vn/ban-dat-xa-nam-phuong-tien/chinh-chu-can-ban-tai-xuan-mai-ha-noi-dien-tich-150m2-100-tho-cu-phap-ly-so-do-rien-pr44142822
","1,8 tỷ ",12 triệu/m²,150 m²,5 m
"Cắt lỗ 300 triệu chính chủ cần bán gấp lô 100m² ngay trung tâm xã, khu dân cư đông đúc.","Đường Quốc lộ 21A(Quốc lộ 21), Xã Cổ Đông, Sơn Tây, Hà Nội",3 tỷ ~30 triệu/m²,100 m² Mặt tiền 5 m,2025,"https://batdongsan.com.vn/ban-dat-duong-quoc-lo-21a-quoc-lo-21-xa-co-dong/cat-300-trieu-chinh-chu-can-ban-gap-100m-ngay-trung-tam-khu-dan-cu-duc-pr44044275
",3 tỷ ,30 triệu/m²,100 m²,5 m
Studio tòa Tonkin 1 - chính chủ cần bán gấp Vinhomes Smart City rẻ nhất thị trường.,"Dự án The Tonkin - Vinhomes Smart City, Phường Tây Mỗ, Nam Từ Liêm, Hà Nội","2,5 tỷ ~87,41 triệu/m²","28,6 m²",2025,"https://batdongsan.com.vn/ban-can-ho-chung-cu-phuong-tay-mo-prj-the-tonkin-vinhomes-smart-city/studio-tonkin2-chinh-chu-ban-gap-city-pr42787044
","2,5 tỷ ","87,41 triệu/m²","28,6 m²",
"2 tỷ/100m2 full thổ cư sổ đỏ, mặt tiền 6-8m tại CNC Hoà Lạc, gần chợ, QL21, trung tâm hành chính","Xã Hòa Thạch, Quốc Oai, Hà Nội",20 triệu/m² ~2 tỷ,100 m² Mặt tiền 6 m,08/10/2025,"https://batdongsan.com.vn/ban-dat-xa-hoa-thach/hon-2-ty-100m2-full-tho-cu-so-do-mat-tien-6-8m-tai-cnc-lac-gan-cho-ql21-trung-tam-hanh-chinh-pr44214237
",2 tỷ,20 triệu/m² ,100 m²,6 m
"ĐẤT NỀN ĐẸP TẠI CỔ ĐÔNG, ĐƯỜNG TRƯỚC ĐẤT HƠN 8m, GIÁ CHỈ 3.x TỶ. LIÊN HỆ NGAY: E HƯỜNG 0976 232 ***","Xã Cổ Đông, Sơn Tây, Hà Nội",30 triệu/m² ~3 tỷ,100 m² Mặt tiền 5.8 m,2025,"https://batdongsan.com.vn/ban-dat-xa-co-dong/-nen-dep-tai-duong-truoc-hon-8m-gia-chi-3-x-ty-lien-he-ngay-e-huong-pr44294299
",3 tỷ,30 triệu/m² ,100 m²,5.8 m
"Bán đất nền tại Đường Phú Cát, Hòa Thạch, Quốc Oai, Hà Nội, giá siêu hời 22 triệu / m2, 100m2","Đường Phú Cát, Xã Hòa Thạch, Quốc Oai, Hà Nội","22 triệu/m² ~2,2 tỷ",100 m² Mặt tiền 9 m,2025,"https://batdongsan.com.vn/ban-dat-duong-phu-cat-xa-hoa-thach/ban-nen-tai-quoc-oai-ha-noi-gia-sieu-hoi-22-trieu-m2-100m2-pr44294051
","2,2 tỷ",22 triệu/m² ,100 m²,9 m
"Quỹ căn đầu tư giá rẻ phân khu Sapphire, Zenpark, Masteri, Zurich, Beverly,LD,PR Vinhomes OceanPark","Dự án Vinhomes Ocean Park Gia Lâm, Xã Dương Xá, Gia Lâm, Hà Nội","2,9 tỷ ~67,44 triệu/m²",43 m²,2025,"https://batdongsan.com.vn/ban-can-ho-chung-cu-xa-duong-xa-prj-vinhomes-ocean-park-gia-lam/quy-chu-dau-tu-1pn-3pn-tot-vinmes-oceanpark-phan-khu-sapphire-zenpark-masteri-pr43712145
","2,9 tỷ ","67,44 triệu/m²",43 m²,
"2.9tỷ/100m2 full thổ cư sổ đỏ, trục chính Cổ Đông, gần chợ QL21, CNC Hoà Lạc,DHQG,2 oto tránh nhau","Xã Cổ Đông, Sơn Tây, Hà Nội","29 triệu/m² ~2,9 tỷ",100 m² Mặt tiền 6 m,2025,"https://batdongsan.com.vn/ban-dat-xa-co-dong/sieupham-40-lo-truc-chinh-gan-ql21-cnc-hoa-lac-gia-chi-tu-2-8ty-full-thocu-sodo-mat-tien-6m-pr44215674
","2,9 tỷ",29 triệu/m² ,100 m²,6 m
Tôi Chủ Nhà Bán 08 căn :STU-1PN+ 2PN+3PN đi nước ngoài-Sẵn Nội Thất-HD thuê 9.5tr-Vinhome SMARTCITY,"Vinhomes Smart City , Tây Mỗ, Nam Từ Liêm, Hà Nội","2,37 tỷ ~84,64 triệu/m²",28 m²,2025,"https://batdongsan.com.vn/ban-can-ho-chung-cu-phuong-tay-mo-prj-vinhomes-smart-city/cty-cp-ban-quy-t10-stu-2-2ty-1pn-2-8ty-1pn-3ty-2pn1-4ty-2pn-4ty6-3pn-5-3ty-city-pr44249887
","2,37 tỷ ","84,64 triệu/m²",28 m²,
"Cạnh Đại Học Quốc Gia Hà Nội, FPT cách công nghệ cao Hòa Lạc 500m, giá 3tỷ DT 110m gần quốc lộ 21.","Xã Thạch Hòa, Thạch Thất, Hà Nội","3 tỷ ~27,27 triệu/m²",110 m² Mặt tiền 7 m,2025,"https://batdongsan.com.vn/ban-dat-xa-thach-hoa-1/canh-dai-hoc-quoc-gia-ha-noi-dai-hoc-fpt-cach-cong-nghe-cao-lac-500m-dt-110m-gan-quoc-lo-21-pr43794066
",3 tỷ ,"27,27 triệu/m²",110 m²,7 m
"Bán gấp đất nền 100m2, 2,3 tỷ tại Xã Phú Cát, Quốc Oai, Hà Nội","Xã Phú Cát, Quốc Oai, Hà Nội","2,3 tỷ ~23 triệu/m²",100 m² Mặt tiền 8 m,2025,"https://batdongsan.com.vn/ban-dat-xa-phu-cat-1/ban-gap-nen-100m2-2-3-ty-tai-quoc-oai-ha-noi-pr44281452
","2,3 tỷ ",23 triệu/m²,100 m²,8 m
"Hàng F0 chính chủ 2 tỷ/100m2 full thổ cư sổ đỏ CNC Hoà Lạc, MT 6m, oto tránh nhau, gần chợ, QL21","Xã Phú Cát, Quốc Oai, Hà Nội",20 triệu/m² ~2 tỷ,100 m²,13/10/2025,"https://batdongsan.com.vn/ban-dat-xa-phu-cat-1/hang-f0-chinh-chu-2ty-100m2-full-tho-cu-so-do-cnc-hoalac-tien-6m-gan-cho-ql21-trung-tam-hanh-chinh-pr44255749
",2 tỷ,20 triệu/m² ,100 m²,
"Ban quản lý dự án Vinhomes quỹ căn tháng 10 chính chủ studio 1PN 2PN 3PN, miễn phí trung gian","Dự án Vinhomes Ocean Park Gia Lâm, Đường An Đào, Xã Dương Xá, Gia Lâm, Hà Nội","2,75 tỷ ~63,95 triệu/m²",43 m²,2025,"https://batdongsan.com.vn/ban-can-ho-chung-cu-duong-an-dao-xa-duong-xa-prj-vinhomes-ocean-park-gia-lam/b-qu-ly-du-quy-thg-8-chinh-chu-studio-1pn-2pn-3pn-mien-phi-trung-gi-pr43844963
","2,75 tỷ ","63,95 triệu/m²",43 m²,
"Chính chủ cần bán: Studio 1,63 tỷ, 1PN 2,9 tỷ. 2PN 3,9tỷ. 3PN 5,1tỷ tại Vinhomes Smart City","Dự án The Sapphire-Vinhomes Smart City, Phường Tây Mỗ, Nam Từ Liêm, Hà Nội","2,43 tỷ ~75,94 triệu/m²",32 m²,2025,"https://batdongsan.com.vn/ban-can-ho-chung-cu-phuong-tay-mo-prj-the-sapphire-vinhomes-smart-city/chinh-chu-ban-studio-1-7-ty-1pn-2-8-ty-2pn-3-9ty-3pn-4-8ty-tai-city-pr44212299
","2,43 tỷ ","75,94 triệu/m²",32 m²,
"Quỹ căn giá tốt nhất thị trường phân khu Paris,London,Beverly,zurich cập nhật tháng 10/2025","Vinhomes Ocean Park Gia Lâm, Xã Dương Xá, Gia Lâm, Hà Nội","2,35 tỷ ~81,03 triệu/m²",29 m²,2025,"https://batdongsan.com.vn/ban-can-ho-chung-cu-xa-duong-xa-prj-vinhomes-ocean-park-gia-lam/quy-tot-nhat-thi-truong-phan-khu-paris-london-beverly-zurich-cap-nhat-thang-10-2025-pr44277773
","2,35 tỷ ","81,03 triệu/m²",29 m²,
QUỸ CĂN MỚI NHẤT THÁNG 10/2025 - PHÂN KHU SAPPHIRE VINHOMES OCEAN PARK,"Vinhomes Ocean Park Gia Lâm, Dương Xá, Gia Lâm, Hà Nội","2,35 tỷ ~87,04 triệu/m²",27 m²,2025,"https://batdongsan.com.vn/ban-can-ho-chung-cu-xa-duong-xa-prj-vinhomes-ocean-park-gia-lam/quy-moi-nhat-thang-10-2025-phan-khu-sapphire-park-pr44278128
","2,35 tỷ ","87,04 triệu/m²",27 m²,
"Siêu hot tôi bán 08 CH : Stu 1,76 tỷ 1PN 2,9 tỷ 2PN 3,6tỷ 2PN + 4,2 tỷ 3PN 4,95 tỷ tại Smat city","Dự án The Sapphire-Vinhomes Smart City, Phường Tây Mỗ, Nam Từ Liêm, Hà Nội","2,3 tỷ ~76,67 triệu/m²",30 m²,2025,"https://batdongsan.com.vn/ban-can-ho-chung-cu-phuong-tay-mo-prj-the-sapphire-vinhomes-smart-city/sieu-hot-toi-ban-8ch-stu-1-76ty-1pn-2-9ty-2pn-3-6ty-2pn-4-2-ty-3pn-4-95ty-gia-ban-trong-tuan-vhsm-pr44160036
","2,3 tỷ ","76,67 triệu/m²",30 m²,
"Bán gấp căn studio tòa S302, 30.8m2, 2tỷ535 full đồ xịn, Đông Nam, Vinhomes Smart City","Dự án The Sapphire - Vinhomes Smart City, Phường Tây Mỗ, Nam Từ Liêm, Hà Nội.","2,54 tỷ ~79,22 triệu/m²",32 m²,2025,"https://batdongsan.com.vn/ban-can-ho-chung-cu-phuong-tay-mo-prj-the-sapphire-vinhomes-smart-city/chinh-chu-ban-stu-34-9m2-dttt-31-8-gia-1-55-ty-full-do-xin-dong-nam-city-pr39802787
","2,54 tỷ ","79,22 triệu/m²",32 m²,
"Em Thúy bán 09 căn hộ mới các căn studio, 1PN +, 2PN, 3PN Masteri West Heights giá từ 2 tỷ 350","Dự án Masteri West Heights, Phường Tây Mỗ, Nam Từ Liêm, Hà Nội","2,35 tỷ ~77,3 triệu/m²","30,4 m²",2025,"https://batdongsan.com.vn/ban-can-ho-chung-cu-phuong-tay-mo-prj-masteri-west-heights/em-thuy-ban-09-moi-cac-studio-1pn-2pn-3pn-gia-tu-2-ty-350-pr43639834
","2,35 tỷ ","77,3 triệu/m²","30,4 m²",
"Hot! Bán CC tại The Zenpark, đường Đông Dư, Gia Lâm, Hà Nội, 2,65 tỷ, 26,9 m2","Dự án The Zenpark, Đường Đông Dư, Thị trấn Trâu Quỳ, Gia Lâm, Hà Nội","2,65 tỷ ~98,51 triệu/m²","26,9 m²",2025,"https://batdongsan.com.vn/ban-can-ho-chung-cu-duong-dong-du-1-thi-tran-trau-quy-prj-the-zenpark/hot-ban-cc-tai-gia-lam-ha-noi-2-65-ty-26-9-m2-pr44274660
","2,65 tỷ ","98,51 triệu/m²","26,9 m²",
"E có 1000m2 đất vườn giá rẻ tại Đông Xuân, Quốc Oai Hà Nội dành cho các bác làm nhà vườn nghỉ dưỡng","Xã Đông Xuân, Quốc Oai, Hà Nội",3 tỷ ~3 triệu/m²,1.000 m² Mặt tiền 25 m,2025,"https://batdongsan.com.vn/ban-dat-xa-dong-xuan-2/e-co-1000m-vuon-gia-re-tai-quoc-oai-ha-noi-danh-cho-cac-bac-lam-nha-vuon-nghi-duong-pr44273433
",3 tỷ ,3 triệu/m²,1.000 m²,25 m
"Bán đất tại Sơn Đông - Hoà Lạc giá 3,5 tỷ, 100m2, mặt tiền 6m, pháp lý sổ đỏ, ngay khu phát triển","Xã Sơn Đông, Sơn Tây, Hà Nội","3,5 tỷ ~35 triệu/m²",100 m² Mặt tiền 6 m,2025,"https://batdongsan.com.vn/ban-dat-xa-son-dong-1/ban-tai-hoa-lac-gia-3-5-ty-100m2-mat-tien-6m-phap-ly-so-do-ngay-khu-phat-trien-pr44268748
","3,5 tỷ ",35 triệu/m²,100 m²,6 m
Cập nhật liên tục quỹ căn rẻ nhất 1PN - 2PN - 3PN The Zurich Vinhomes Ocean Park Gia Lâm,"Dự án The Zurich - Vinhomes Ocean Park, Xã Đa Tốn, Gia Lâm, Hà Nội","4,8 tỷ ~69,56 triệu/m²",69 m²,2025,"https://batdongsan.com.vn/ban-can-ho-chung-cu-xa-da-ton-prj-the-zurich-vinhomes-ocean-park/-2pn-dien-tich-74-3m-gia-re-nhat-vinmesoceanpark-gia-lam-4-xty-lien-he-chinh-chu-pr43737880
","4,8 tỷ ","69,56 triệu/m²",69 m²,
"Cắt lỗ 300 triệu chính chủ cần bán gấp lô 100m² ngay trung tâm xã, khu dân cư đông đúc.","Đường Quốc lộ 21A(Quốc lộ 21), Xã Cổ Đông, Sơn Tây, Hà Nội",3 tỷ ~30 triệu/m²,100 m² Mặt tiền 5 m,2025,"https://batdongsan.com.vn/ban-dat-duong-quoc-lo-21a-quoc-lo-21-xa-co-dong/cat-300-trieu-chinh-chu-can-ban-gap-100m-ngay-trung-tam-khu-dan-cu-duc-pr44044275
",3 tỷ ,30 triệu/m²,100 m²,5 m
"Bán gấp căn 2PN - 2WC 64.5m2, 4.8 tỷ, tầng đẹp The Tonkin 1, Vin Smart Cỉty.","Dự án The Tonkin - Vinhomes Smart City, Phường Tây Mỗ, Nam Từ Liêm, Hà Nội","4,8 tỷ ~74,42 triệu/m²","64,5 m²",2025,"https://batdongsan.com.vn/ban-can-ho-chung-cu-phuong-tay-mo-prj-the-tonkin-vinhomes-smart-city/chinh-chu-tien-ban-gap-2pn-2wc-64-5m2-tang-dep-gia-chi-4-7-ty-pr41642081
","4,8 tỷ ","74,42 triệu/m²","64,5 m²",
"ĐẤT NỀN ĐẸP TẠI CỔ ĐÔNG, ĐƯỜNG TRƯỚC ĐẤT HƠN 8m, GIÁ CHỈ 3.x TỶ. LIÊN HỆ NGAY: E HƯỜNG 0976 232 ***","Xã Cổ Đông, Sơn Tây, Hà Nội",30 triệu/m² ~3 tỷ,100 m² Mặt tiền 5.8 m,2025,"https://batdongsan.com.vn/ban-dat-xa-co-dong/-nen-dep-tai-duong-truoc-hon-8m-gia-chi-3-x-ty-lien-he-ngay-e-huong-pr44294299
",3 tỷ,30 triệu/m² ,100 m²,5.8 m
BQL Vinhomes Smart City cập nhật quỹ căn: Studio 2tỷ; 1N+ 2.8 tỷ; 2N 3.2 tỷ; 2N+1 4tỷ; 3N 5tỷ,"Dự án The Sapphire-Vinhomes Smart City, Phường Tây Mỗ, Nam Từ Liêm, Hà Nội","4,6 tỷ ~71,21 triệu/m²","64,6 m²",2025,"https://batdongsan.com.vn/ban-can-ho-chung-cu-phuong-tay-mo-prj-the-sapphire-vinhomes-smart-city/bql-cap-nhat-quy-studio-2ty-1n-2-8-ty-2n-3-2-ty-2n-1-3-9ty-3n-4-5ty-pr43763673
","4,6 tỷ ","71,21 triệu/m²","64,6 m²",
"Tôi bán 10CH studio 1.75 tỷ, 1PN 2,9tỷ, 2PN 3.7tỷ, 2PN góc 4.4tỷ, 3PN góc 5.1tỷ Vinhomes Smart City","Dự án The Sapphire-Vinhomes Smart City, Phường Tây Mỗ, Nam Từ Liêm, Hà Nội","4,4 tỷ ~69,07 triệu/m²","63,7 m²",2025,"https://batdongsan.com.vn/ban-can-ho-chung-cu-phuong-tay-mo-prj-the-sapphire-vinhomes-smart-city/toi-ban-10ch-studio-1-7-ty-1pn-2-6ty-2pn-3-3ty-2pn-goc-3-9ty-3pn-goc-4-42ty-city-pr43387886
","4,4 tỷ ","69,07 triệu/m²","63,7 m²",
"The Senique - CC bán căn 2PN 54,4m2 tòa 2 hướng Tây Bắc view nội khu, giá 4.5 tỷ, đã có HĐMB","Chung cư The Senique Hanoi , Dương Xá, Gia Lâm, Hà Nội","4,5 tỷ ~82,72 triệu/m²","54,4 m²",2025,"https://batdongsan.com.vn/ban-can-ho-chung-cu-xa-duong-xa-prj-chung-cu-the-senique-hanoi/-cc-ban-2pn-54m2-toa-2-huong-dong-nam-view-gia-4-3-ty-da-co-hdmb-pr43953905
","4,5 tỷ ","82,72 triệu/m²","54,4 m²",
"Bán 5 CH Studio-2 tỷ, 1Pn 3 tỷ, 2Pn 54m 3.85 tỷ, 2pn 64m 4.2 tỷ, 3pn 5 tỷ KĐT Vinhomes Smart City","Dự án The Sapphire-Vinhomes Smart City, Phường Tây Mỗ, Nam Từ Liêm, Hà Nội","3,9 tỷ ~72,22 triệu/m²",54 m²,2025,"https://batdongsan.com.vn/ban-can-ho-chung-cu-phuong-tay-mo-prj-the-sapphire-vinhomes-smart-city/ban-5-ch-studio-2-ty-1pn-3-ty-2pn-54m-3-85-ty-2pn-64m-4-2-ty-3pn-5-ty-kdt-city-pr43870966
","3,9 tỷ ","72,22 triệu/m²",54 m²,
"Em Hằng gửi đến quý khách mua nhà tại Vinhomes Ocean Park 1 quỹ căn giá rẻ, tầng đẹp, view sẵn sổ","Dự án Vinhomes Ocean Park Gia Lâm, Xã Dương Xá, Gia Lâm, Hà Nội","3,65 tỷ ~66,36 triệu/m²",55 m²,2025,"https://batdongsan.com.vn/ban-can-ho-chung-cu-xa-duong-xa-prj-vinhomes-ocean-park-gia-lam/em-hang-gui-den-quy-khach-mua-nha-tai-1-quy-re-tang-dep-view-san-so-pr43916626
","3,65 tỷ ","66,36 triệu/m²",55 m²,
"Ban Q.Lý Vinhomes SmartCity cập nhật quỹ căn: Studio 2tỷ; 1N + 3tỷ; 2N 4tỷ; 2N+1 4,5tỷ; 3N 5tỷ","Dự án The Sapphire-Vinhomes Smart City, Phường Tây Mỗ, Nam Từ Liêm, Hà Nội","4 tỷ ~65,57 triệu/m²",61 m²,2025,"https://batdongsan.com.vn/ban-can-ho-chung-cu-phuong-tay-mo-prj-the-sapphire-vinhomes-smart-city/bql-cap-nhat-quy-studio-2ty-1n-2-8-ty-2n-3-2-ty-2n-1-3-9ty-3n-4-5ty-pr43768302
",4 tỷ ,"65,57 triệu/m²",61 m²,
"CHÍNH CHỦ BÁN 10 CH Stu 1,75 tỷ 1PN 2,88tỷ 2PN 3,8 tỷ 2PN + 4,33 tỷ 3PN 5,5 tỷ tại KDT SMART CITY","The Sapphire-Vinhomes Smart City, Tây Mỗ, Nam Từ Liêm, Hà Nội","4,3 tỷ ~78,18 triệu/m²",55 m²,2025,"https://batdongsan.com.vn/ban-can-ho-chung-cu-phuong-tay-mo-prj-the-sapphire-vinhomes-smart-city/chinh-chu-ban-gia-chuan-10-ch-stu-1-75-ty-1pn-2-88ty-2pn-3-8-ty-2pn-4-2-ty-3pn-5-1-ty-city-pr44165504
","4,3 tỷ ","78,18 triệu/m²",55 m²,
Quỹ Căn CHÍNH CHỦ Giá Tốt Nhất Vinhomes Ocean Park Gia Lâm - VỐN BỎ RA CHỈ HƠN 1 TỶ,"Vinhomes Ocean Park Gia Lâm, Đường Lý Thánh Tông, Xã Dương Xá, Gia Lâm, Hà Nội","3,7 tỷ ~67,27 triệu/m²",55 m²,2025,"https://batdongsan.com.vn/ban-can-ho-chung-cu-duong-ly-thanh-tong-xa-duong-xa-prj-vinhomes-ocean-park-gia-lam/quy-chinh-chu-tot-nhat-von-bo-ra-chi-hon-1-ty-pr44266363
","3,7 tỷ ","67,27 triệu/m²",55 m²,
CC bán 5CH giá gốc không chênh Studio - 1PN - 2PN - 3PN tòa cao cấp Victoria Smart City Tây Mỗ,"Dự án The Victoria , Phường Tây Mỗ, Nam Từ Liêm, Hà Nội","3,67 tỷ ~81,56 triệu/m²",45 m²,2025,"https://batdongsan.com.vn/ban-can-ho-chung-cu-phuong-tay-mo-prj-the-victoria-vinhomes-smart-city/cc-ban-5ch-gia-goc-khong-chenh-studio-1pn-2pn-3pn-toa-cao-cap-mo-pr44287188
","3,67 tỷ ","81,56 triệu/m²",45 m²,
"Mình chính chủ cần bán căn: 2PN + 1, 63.1m2, 4,6 tỷ tòa S, Vinhomes Smart City","Dự án The Sapphire-Vinhomes Smart City, Phường Tây Mỗ, Nam Từ Liêm, Hà Nội","4,6 tỷ ~72,9 triệu/m²","63,1 m²",2025,"https://batdongsan.com.vn/ban-can-ho-chung-cu-phuong-tay-mo-prj-the-sapphire-vinhomes-smart-city/chinh-chu-ban-t6-studio-1-7-ty-1pn-2-7ty-2pn-3-3ty-2pn-3-85ty-3pn-4-7ty-city-pr43432564
","4,6 tỷ ","72,9 triệu/m²","63,1 m²",
"Cập nhật bảng giá CC tháng 10 tại Vin OCP chính chủ view đẹp, giá rẻ, đầy đủ pháp lý cần bán gấp","Dự án Vinhomes Ocean Park Gia Lâm, Xã Dương Xá, Gia Lâm, Hà Nội","3,35 tỷ ~56,78 triệu/m²",59 m²,2025,"https://batdongsan.com.vn/ban-can-ho-chung-cu-xa-duong-xa-prj-vinhomes-ocean-park-gia-lam/quy-stu-1-3pn-chinh-chu-view-dep-re-cat-lo-phap-ly-ro-rang-mien-phi-mg-tai-vin-oceanpark-pr42207226
","3,35 tỷ ","56,78 triệu/m²",59 m²,
"Bán gấp căn hộ 1PN, 1WC tại phân khu Ruby Vinhomes Ocean Park Gia Lâm, 3,9 tỷ, 53m2","Vinhomes Ocean Park Gia Lâm, Đường 179, Xã Dương Xá, Gia Lâm, Hà Nội","3,9 tỷ ~73,58 triệu/m²",53 m²,2025,"https://batdongsan.com.vn/ban-can-ho-chung-cu-duong-179-1-xa-duong-xa-prj-vinhomes-ocean-park-gia-lam/ban-gap-1pn-1wc-tai-phan-khu-ruby-vinmes-3-9-ty-53m2-pr44286113
","3,9 tỷ ","73,58 triệu/m²",53 m²,
"Cạnh Đại Học Quốc Gia Hà Nội, FPT cách công nghệ cao Hòa Lạc 500m, giá 3tỷ DT 110m gần quốc lộ 21.","Xã Thạch Hòa, Thạch Thất, Hà Nội","3 tỷ ~27,27 triệu/m²",110 m² Mặt tiền 7 m,2025,"https://batdongsan.com.vn/ban-dat-xa-thach-hoa-1/canh-dai-hoc-quoc-gia-ha-noi-dai-hoc-fpt-cach-cong-nghe-cao-lac-500m-dt-110m-gan-quoc-lo-21-pr43794066
",3 tỷ ,"27,27 triệu/m²",110 m²,7 m
"Bán đất 72m² Xuân Nộn Đông Anh, MT 4.25m, ngõ thông ô tô, gần trục chính KD, giá đầu tư","Xã Xuân Nộn, Đông Anh, Hà Nội","59,5 triệu/m² ~4,28 tỷ",72 m² Mặt tiền 4.25 m,06/10/2025,"https://batdongsan.com.vn/ban-dat-xa-xuan-non/ban-72m-dong-anh-mt-4-25m-ngo-thong-o-to-gan-truc-chinh-kd-gia-dau-tu-pr44116411
","4,28 tỷ","59,5 triệu/m² ",72 m²,4.25 m
"Chính chủ bán 5 CH: 1PN + 3.3 tỷ, 2PN 55m 4.3 tỷ, 2PN + 1 64m 5 tỷ The Sola Park KĐT Vinhomes Smart","Dự án Imperia Sola Park, Phường Tây Mỗ, Nam Từ Liêm, Hà Nội","5 tỷ ~78,12 triệu/m²",64 m²,2025,"https://batdongsan.com.vn/ban-can-ho-chung-cu-phuong-tay-mo-prj-imperia-sola-park/chinh-chu-ban-5-ch-1pn-3-3-ty-2pn-55m-4-3-ty-2pn-1-64m-5-ty-the-kdt-vinhomes-smart-pr44283822
",5 tỷ ,"78,12 triệu/m²",64 m²,
"Phân lô vỉa hè Song Phương 6.2 tỷ, 48m2, sẵn sổ, cạnh ĐL Thăng Long, ga Metro","Đường Đại lộ Thăng Long, Xã Song Phương, Hoài Đức, Hà Nội","6,2 tỷ ~129,17 triệu/m²",48 m² Mặt tiền 3.15 m,14/10/2025,"https://batdongsan.com.vn/ban-dat-duong-dai-lo-thang-long-xa-song-phuong-1/phan-via-he-6-ty-48m2-san-so-canh-dlthang-ng-ga-metro-pr44255978
","6,2 tỷ ","129,17 triệu/m²",48 m²,3.15 m
Bán căn hộ Viha Complex Viha Leciva 107 Nguyễn Tuân giá tốt nhất thị trường cập nhật liên tục 24/24,"Viha Complex, 107, Đường Nguyễn Tuân, Phường Thanh Xuân Trung, Thanh Xuân, Hà Nội","92 triệu/m² ~6,62 tỷ",72 m²,2025,"https://batdongsan.com.vn/ban-can-ho-chung-cu-duong-nguyen-tuan-phuong-thanh-xuan-trung-prj-viha-complex/quy-ngoai-giao-du-an-leciva-cam-ket-re-nhat-cap-nhat-24-24-pr41967566
","6,62 tỷ",92 triệu/m² ,72 m²,
Quỹ căn hộ bán độc quyền giá rẻ chung cư Sunshine City Ciputra - Liên hệ em Hoàng: 0965 100 ***,"Dự án Sunshine City, Phường Đông Ngạc, Bắc Từ Liêm, Hà Nội","7 tỷ ~71,43 triệu/m²",98 m²,2025,"https://batdongsan.com.vn/ban-can-ho-chung-cu-phuong-dong-ngac-prj-sunshine-city/quy-ban-doc-quyen-gia-re-ciputra-lien-he-em-ang-pr43443661
",7 tỷ ,"71,43 triệu/m²",98 m²,
"Chính chủ bán 5 CH: 1PN + 3.3 tỷ, 2PN 55m 4.3 tỷ, 2PN + 1 64m 5 tỷ The Sola Park KĐT Vinhomes Smart","Dự án Imperia Sola Park, Phường Tây Mỗ, Nam Từ Liêm, Hà Nội","5 tỷ ~78,12 triệu/m²",64 m²,2025,"https://batdongsan.com.vn/ban-can-ho-chung-cu-phuong-tay-mo-prj-imperia-sola-park/chinh-chu-ban-5-ch-1pn-3-3-ty-2pn-55m-4-3-ty-2pn-1-64m-5-ty-the-kdt-vinhomes-smart-pr44283822
",5 tỷ ,"78,12 triệu/m²",64 m²,
"CC bán 10 CH : studio 2.5 tỷ, 1Pn+ 3.65 tỷ , 2Pn 4.5 tỷ , 2PN+1 5 tỷ kđt Vinhomes Smart City Tây Mỗ","Dự án The Sapphire-Vinhomes Smart City, Phường Tây Mỗ, Nam Từ Liêm, Hà Nội","5 tỷ ~78,12 triệu/m²",64 m²,2025,"https://batdongsan.com.vn/ban-can-ho-chung-cu-phuong-tay-mo-prj-the-sapphire-vinhomes-smart-city/quy-chuyen-nhuong-1pn-2pn-3pn-4pn-gia-tot-khong-chenh-kdt-city-pr43959938
",5 tỷ ,"78,12 triệu/m²",64 m²,
"Bán gấp căn 2PN + , diện tích 62,3m2, 5.3 tỷ bao phí, Masteri West Heights (nhà mới 100%)","Dự án Masteri West Heights, Phường Tây Mỗ, Nam Từ Liêm, Hà Nội","5,3 tỷ ~85,07 triệu/m²","62,3 m²",2025,"https://batdongsan.com.vn/ban-can-ho-chung-cu-phuong-tay-mo-prj-masteri-west-heights/ban-gap-2pn-dien-tich-62-3m2-5-3-ty-bao-phi-nha-moi-100-pr44177567
","5,3 tỷ ","85,07 triệu/m²","62,3 m²",
CHÍNH CHỦ cần bán gấp căn 2PN góc Đông Nam giá tốt nhất Vin Ocean Park. Tòa Beverly,"Vinhomes Ocean Park Gia Lâm, Xã Dương Xá, Gia Lâm, Hà Nội","5,2 tỷ ~69,33 triệu/m²",75 m²,2025,"https://batdongsan.com.vn/ban-can-ho-chung-cu-xa-duong-xa-prj-vinhomes-ocean-park-gia-lam/chinh-chu-ban-gap-2pn-goc-dong-nam-tot-nhat-vin-toa-beverly-pr44277154
","5,2 tỷ ","69,33 triệu/m²",75 m²,
"Nóng hổi em Giang quỹ căn độc quyền, chiết khấu 10,5%, HTLS 0% trong 18th, quà tân gia may mắn","Dự án Imperial Plaza, Đường Giải Phóng, Phường Phương Liệt, Thanh Xuân, Hà Nội","7 tỷ ~97,22 triệu/m²",72 m²,2025,"https://batdongsan.com.vn/ban-can-ho-chung-cu-duong-giai-phong-phuong-phuong-liet-prj-imperial-plaza/-nong-hoi-em-giang-pkd-chu-dau-tu-nhan-booking-toa-the-queen-chinh-sach-uu-dai-cuc-hap-dan-luon-pr43973841
",7 tỷ ,"97,22 triệu/m²",72 m²,
"Độc quyền quỹ căn CDT: 2PN/ 2+1 PN/ 3PN tầng đẹp, view thoáng, giá tốt nhất dự án Melody Linh Đàm","Dự án Hà Nội Melody Residences, Đường Bằng Liệt, Phường Hoàng Liệt, Hoàng Mai, Hà Nội","6,3 tỷ ~70,35 triệu/m²","89,55 m²",2025,"https://batdongsan.com.vn/ban-can-ho-chung-cu-duong-bang-liet-phuong-hoang-liet-prj-ha-noi-melody-residences/truc-tiep-chu-dau-tu-2-3n-gia-re-nhat-linh-dam-view-chiet-khau-8-tang-vang-999-pr42746656
","6,3 tỷ ","70,35 triệu/m²","89,55 m²",
"Hot! Căn góc Tứ Hiệp Plaza full nội thất, ở ngay 3PN, 2VS. Giá chỉ nhỉnh 50 triệu/1m2","Dự án Tứ Hiệp Plaza, Xã Tứ Hiệp, Thanh Trì, Hà Nội","52 triệu/m² ~6,5 tỷ",125 m²,2025,"https://batdongsan.com.vn/ban-can-ho-chung-cu-xa-tu-hiep-prj-tu-hiep-plaza/hot-goc-full-noi-that-o-ngay-3pn-2vs-gia-chi-nhinh-50trieu-1m2-pr44107814
","6,5 tỷ",52 triệu/m² ,125 m²,
"The Senique - Chính Chủ bán căn 2PN góc 81,3m2 tòa Sen 1 hướng TB, đơn giá chỉ 75tr/m2 đã có HĐMB","Dự án Chung cư The Senique Hanoi , Xã Dương Xá, Gia Lâm, Hà Nội","6,1 tỷ ~75,03 triệu/m²","81,3 m²",2025,"https://batdongsan.com.vn/ban-can-ho-chung-cu-xa-duong-xa-prj-chung-cu-the-senique-hanoi/-chinh-chu-ban-2pn-goc-81-3m2-toa-sen-1-huong-tb-don-gia-chi-75tr-m2-da-co-hdmb-pr44205935
","6,1 tỷ ","75,03 triệu/m²","81,3 m²",
"Em chính chủ bán căn 97m2 toà Park 2 tầng đẹp nhất dự án, căn em mua để ở nên hoàn thiện rất kỹ","Dự án Eurowindow River Park, Đường 5, Xã Đông Hội, Đông Anh, Hà Nội","5,92 tỷ ~61,03 triệu/m²",97 m²,2025,"https://batdongsan.com.vn/ban-can-ho-chung-cu-duong-5-xa-dong-hoi-prj-eurowindow-river-park/em-chinh-chu-ban-97m2-toa-2-tang-dep-nhat-du-an-em-mua-de-o-nen-hoan-thien-rat-ky-pr44188615
","5,92 tỷ ","61,03 triệu/m²",97 m²,
Hàng hiếm Căn hộ 3PN VIEW SÔNG Giá rẻ nhất The Paris diện tích 74m/80m 5.59 tỷ Vinhomes Oeanpark,"Dự án The Zurich - Vinhomes Ocean Park, Xã Đa Tốn, Gia Lâm, Hà Nội","5,59 tỷ ~69,88 triệu/m²",80 m²,2025,"https://batdongsan.com.vn/ban-can-ho-chung-cu-xa-da-ton-prj-the-zurich-vinhomes-ocean-park/chinh-chu-ban-gap-1pn-36m-gia-i-2-4ty-hang-hiem-tai-vinmes-gia-lam-pr43755190
","5,59 tỷ ","69,88 triệu/m²",80 m²,
"Bán đất nền DA đẹp tại KĐTM Đại Kim - Định Công, Hoàng Mai, Hà Nội, từ 65-135 triệu/m2, 80-100m2","KĐTM Đại Kim - Định Công, Phố Trần Điền, Phường Đại Kim, Hoàng Mai, Hà Nội","65 triệu/m² ~5,2 tỷ",80 m²,2025,"https://batdongsan.com.vn/ban-dat-nen-du-an-pho-tran-dien-phuong-dai-kim-prj-khu-do-thi-moi-dai-kim-dinh-cong/ban-biet-thu-dep-tai-kdtm-hoang-mai-ha-noi-65-trieu-m2-80m2-pr41776919
","5,2 tỷ",65 triệu/m² ,80 m²,
"chỉ 136 triệu/m² nhà Vĩnh Hưng 4 tầng mới cứng 5 phòng ngủ, cách ô tô 30m - sđcc - ở ngay","Đường Nguyễn Khoái, Phường Vĩnh Hưng, Hoàng Mai, Hà Nội","6 tỷ ~136,36 triệu/m²",44 m² Mặt tiền 4 m,2025,"https://batdongsan.com.vn/ban-nha-rieng-duong-nguyen-khoai-phuong-vinh-hung-2/chi-136-trieu-m-4-tang-moi-cung-5-phong-ngu-cach-o-to-30m-sdcc-o-ngay-pr44292109
",6 tỷ ,"136,36 triệu/m²",44 m²,4 m
"Trưởng phòng kinh doanh bán gấp quỹ căn chuyển nhượng 423 Minh Khai 2PN, LH xem nhà 0913 484 ***","Imperia Sky Garden, 423, Đường Minh Khai, Phường Vĩnh Tuy, Hai Bà Trưng, Hà Nội","6 tỷ ~80,18 triệu/m²","74,83 m²",2025,"https://batdongsan.com.vn/ban-can-ho-chung-cu-duong-minh-khai-phuong-vinh-tuy-prj-imperia-sky-garden/-ban-gap-quy-chuyen-nhuong-423-2pn-3pn-lh-xem-nha-truc-tiep-091348-40-47-pr25522422
",6 tỷ ,"80,18 triệu/m²","74,83 m²",
"CẬP NHẬT 5 TÒA Y4,Y5,M1,M2,M3 CHUYỂN NHƯỢNG MIK CỔ LOA (CÓ QUỸ BANK GIẢM 4%) 24/7 ,0917 136 ***","Dự án Imperia Signature Cổ Loa, Xã Đông Hội, Đông Anh, Hà Nội","95 triệu/m² ~6,46 tỷ",68 m²,2025,"https://batdongsan.com.vn/ban-can-ho-chung-cu-xa-dong-hoi-prj-imperia-signature-co-loa/cap-nhat-24-07-chuyen-nhuong-mik-toa-y4-y5-m1-m2-m3-cam-ket-gia-tot-pr44008451
","6,46 tỷ",95 triệu/m² ,68 m²,
NHỈNH 5TỶ 364M2 FULL THỔ CƯ ĐẤT ĐẤU GIÁ HOÀNG VĂN THỤ CHƯƠNG MỸ HÀ NỘI,"21A, Hoàng Văn Thụ, Chương Mỹ, Hà Nội","5,1 tỷ ~14,01 triệu/m²",364 m² Mặt tiền 20 m,2025,"https://batdongsan.com.vn/ban-dat-duong-21a-xa-hoang-van-thu-5/4-x-ty-364m2-full-tho-cu-dau-gia-chuong-my-ha-noi-pr44006150
","5,1 tỷ ","14,01 triệu/m²",364 m²,20 m
"Gia đình cần tiền bán gấp mảnh đất 14,5triệu/m2 mặt đường lớn rẻ hơn khu vực","Phú Mãn, Quốc Oai, Hà Nội","14,5 triệu/m² ~5,8 tỷ",400 m² Mặt tiền 15 m,2025,"https://batdongsan.com.vn/ban-dat-xa-phu-man/gia-dinh-can-tien-ban-gap-manh-mat-duong-lon-re-hon-khu-vuc-15-trieu-m2-pr43031468
","5,8 tỷ","14,5 triệu/m² ",400 m²,15 m
Chính chủ cắt lỗ căn 07B vs 01B dự án Bluegem Tower,"BlueGem Tower, Nguyễn Bặc, Tứ Hiệp, Thanh Trì, Hà Nội","6,3 tỷ ~66,32 triệu/m²",95 m²,2025,"https://batdongsan.com.vn/ban-can-ho-chung-cu-duong-nguyen-bac-1-xa-tu-hiep-prj-bluegem-tower/chinh-chu-cat-lo-07b-vs-01b-du-an-tower-pr44284641
","6,3 tỷ ","66,32 triệu/m²",95 m²,
"Bán gấp quỹ căn độc quyền rẻ 1PN/2PN/3PN, view đẹp, dự án Kepler - L/h: 0866 836 ***","Dự án Tháp đôi Kepler Land, Phường Mỗ Lao, Hà Đông, Hà Nội","7,6 tỷ ~89,62 triệu/m²","84,8 m²",2025,"https://batdongsan.com.vn/ban-can-ho-chung-cu-phuong-mo-lao-prj-thap-doi-kepler-land/ban-suat-ngoai-giao-goc-c09-tang-dep-84-5-m2-2pn-2vs-gia-chi-8x-trieu-m2-pr43576875
","7,6 tỷ ","89,62 triệu/m²","84,8 m²",
"Bán gấp căn 3PN - DT 80.1m2, 7.3 tỷ, tòa B Vinhomes Marteri West Heights Tây Mỗ","Dự án Masteri West Heights, Phường Tây Mỗ, Nam Từ Liêm, Hà Nội","7,3 tỷ ~91,14 triệu/m²","80,1 m²",2025,"https://batdongsan.com.vn/ban-can-ho-chung-cu-phuong-tay-mo-prj-masteri-west-heights/chinh-chu-ban-gap-3pn-dt-80-1m2-toa-b-vinhomes-marteri-7-3-ty-pr44082319
","7,3 tỷ ","91,14 triệu/m²","80,1 m²",
"Lumiere Orient Pearl: Độc quyền quỹ VIP 2PN - 3PN view đẹp giá tốt, CK cao. LH 0862 200 ***","Dự án Lumière Orient Pearl, Thị trấn Trâu Quỳ, Gia Lâm, Hà Nội","9,2 tỷ ~96,74 triệu/m²","95,1 m²",2025,"https://batdongsan.com.vn/ban-can-ho-chung-cu-thi-tran-trau-quy-prj-lumiere-orient-pearl/re-dep-nhat-tai-bayfront-ngoai-giao-1n-2n-3n-view-om-tron-dao-ngoc-trai-bien-ho-pr43917658
","9,2 tỷ ","96,74 triệu/m²","95,1 m²",
"Hot. Độc quyền quỹ căn đẹp nhất chung cư Sun Cầu Giấy, hàng CĐT và hàng ngoại giao chiết khấu cao","Dự án Sun Feliza Suites, Đường Phạm Hùng, Phường Dịch Vọng Hậu, Cầu Giấy, Hà Nội","9,6 tỷ ~137,14 triệu/m²",70 m²,2025,"https://batdongsan.com.vn/ban-can-ho-chung-cu-duong-pham-hung-phuong-dich-vong-hau-prj-sun-feliza-suites/-hot-doc-quyen-quy-dep-nhat-cau-giay-hang-cdt-va-hang-ngoai-giao-chiet-khau-cao-pr44288658
","9,6 tỷ ","137,14 triệu/m²",70 m²,
Quỹ căn hộ bán độc quyền giá rẻ chung cư Sunshine City Ciputra - Liên hệ em Hoàng: 0965 100 ***,"Dự án Sunshine City, Phường Đông Ngạc, Bắc Từ Liêm, Hà Nội","7 tỷ ~71,43 triệu/m²",98 m²,2025,"https://batdongsan.com.vn/ban-can-ho-chung-cu-phuong-dong-ngac-prj-sunshine-city/quy-ban-doc-quyen-gia-re-ciputra-lien-he-em-ang-pr43443661
",7 tỷ ,"71,43 triệu/m²",98 m²,
"FULL BẢNG GIÁ, CSBH DỰ ÁN THE QUEEN 360 GIẢI PHÓNG, CHIẾT KHẤU ĐẾN 10,5%, GIÁ CHỈ TỪ 7,X TỶ/CĂN","The Queen, Đường Giải Phóng, Phường Phương Liệt, Thanh Xuân, Hà Nội","8 tỷ ~88,89 triệu/m²",90 m²,2025,"https://batdongsan.com.vn/ban-can-ho-chung-cu-duong-giai-phong-phuong-phuong-liet-prj-the-queen/full-bang-gia-csbh-du-an-360-chiet-khau-den-10-5-gia-chi-tu-7-x-ty-can-pr44284377
",8 tỷ ,"88,89 triệu/m²",90 m²,
"HOT! Suất ngoại giao CH 2PN, 3PN, 4PN tầng đẹp 12,16;18,20,28,35 tại tòa F2,F3,F5 Sun Feliza Suites","Dự án Sun Feliza Suites, Đường Phạm Hùng, Phường Dịch Vọng Hậu, Cầu Giấy, Hà Nội","8,5 tỷ ~123,19 triệu/m²",69 m²,2025,"https://batdongsan.com.vn/ban-can-ho-chung-cu-duong-pham-hung-phuong-dich-vong-hau-prj-sun-feliza-suites/hot-suat-ngoai-giao-ch-2pn-3pn-4pn-tang-dep-12-16-18-20-28-35-tai-toa-f2-f3-f5-suites-pr44250347
","8,5 tỷ ","123,19 triệu/m²",69 m²,
Đừng bỏ lỡ cơ hội đầu tư vàng tại dự án Lancaster Luminaire 1152 Đường Láng - Gọi ngay : 0833 679 ***,"Lancaster Luminaire, Láng, Láng Thượng, Đống Đa, Hà Nội","7,5 tỷ ~166,67 triệu/m²",45 m²,2025,"https://batdongsan.com.vn/ban-can-ho-chung-cu-duong-lang-phuong-lang-thuong-prj-lancaster-luminaire/dung-bo-lo-co-hoi-dau-tu-vang-tai-du-an-1152-goi-ngay-pr44282931
","7,5 tỷ ","166,67 triệu/m²",45 m²,
Bán liền kề biệt thự dự án Phú Thị Riverside trực tiếp chủ đầu tư LH em Thuỷ 0903 289 ***,"Phú Thị Riverside, Xã Phú Sơn, Gia Lâm, Hà Nội","9,8 tỷ ~132,79 triệu/m²","73,8 m² Mặt tiền 5 m",2025,"https://batdongsan.com.vn/ban-nha-biet-thu-lien-ke-xa-phu-son_1-prj-phu-thi-riverside/ban-du-an-truc-tiep-chu-dau-tu-lh-em-y-pr43470018
","9,8 tỷ ","132,79 triệu/m²","73,8 m²",5 m
"Bán 3 ngủ 121m2 GOLDMARK CITY 136 Hồ Tùng Mậu, Hà Nội","Goldmark City, Đường Hồ Tùng Mậu, Phường Phú Diễn, Bắc Từ Liêm, Hà Nội","9,8 tỷ ~80,99 triệu/m²",121 m²,2025,"https://batdongsan.com.vn/ban-can-ho-chung-cu-duong-ho-tung-mau-phuong-phu-dien-prj-goldmark-city/ban-3-ngu-121m2-136-ha-noi-pr44276155
","9,8 tỷ ","80,99 triệu/m²",121 m²,
"Trực Tiếp CĐT Mở Bán Căn Hộ 2PN. 3PN với dt 76m. 82m. 102m.. giá bán 7,4tỷ và 8tỷ. Ck10,5%","The Queen, Đường Giải Phóng, Phường Phương Liệt, Thanh Xuân, Hà Nội","7,4 tỷ ~97,37 triệu/m²",76 m²,2025,"https://batdongsan.com.vn/ban-can-ho-chung-cu-duong-giai-phong-phuong-phuong-liet-prj-the-queen/truc-tiep-cdt-mo-ban-2pn-3pn-voi-dt-72-9m-82-6m-102m-gia-ban-7ty-va-8ty-ck10-5-pr44274246
","7,4 tỷ ","97,37 triệu/m²",76 m²,
"Chính chủ cần bán lô góc 6 tầng thang máy Định Công 31m2 mặt tiền 3.3m 8,85 tỷ","Đường Định Công, Phường Định Công, Hoàng Mai, Hà Nội","8,85 tỷ ~285,48 triệu/m²",31 m² Mặt tiền 3.3 m,12/10/2025,"https://batdongsan.com.vn/ban-nha-rieng-duong-dinh-cong-phuong-dinh-cong/chinh-chu-can-ban-lo-goc-6-tang-thang-may-31m2-mat-tien-3-3m-8-85-ty-pr44094857
","8,85 tỷ ","285,48 triệu/m²",31 m²,3.3 m
Em duyên chuyên quỹ căn 2 - 3PN chung cư Mipec Rubik 360 Xuân Thuỷ! Bao giá tốt nhất thị trường,"Mipec Rubik 360, Đường Xuân Thủy, Phường Dịch Vọng Hậu, Quận Cầu Giấy, Hà Nội","10 tỷ ~129,03 triệu/m²","77,5 m²",2025,"https://batdongsan.com.vn/ban-can-ho-chung-cu-duong-xuan-thuy-phuong-dich-vong-hau-prj-mipec-rubik-360/em-duyen-chuyen-quy-2-3pn-360-bao-gia-tot-nhat-thi-truong-pr44269601
",10 tỷ ,"129,03 triệu/m²","77,5 m²",
"Chỉ từ 7,xtỷ sở hữu ngay CH tại dự án The Queen 360 Giải Phóng chiết khấu 10,5%, HTLS 0% 18 tháng","The Queen, 360, Đường Giải Phóng, Phường Phương Liệt, Thanh Xuân, Hà Nội","7,3 tỷ ~96,05 triệu/m²",76 m²,2025,"https://batdongsan.com.vn/ban-can-ho-chung-cu-duong-giai-phong-phuong-phuong-liet-prj-the-queen/quy-doc-quyen-cdt-du-an-360-nhan-booking-truoc-de-nhan-ck-khung-tu-cdt-pr43857208
","7,3 tỷ ","96,05 triệu/m²",76 m²,
"Bán Đất đẹp Đường Yên Lộ, Yên Nghĩa, Hà Đông, Hà Nội, 7,8 tỷ, 67 m2, Chính chủ, giá tốt ,2 mặt tiền","Đường Yên Lộ, Phường Yên Nghĩa, Hà Đông, Hà Nội","7,8 tỷ ~116,42 triệu/m²",67 m² Mặt tiền 6 m,2025,"https://batdongsan.com.vn/ban-dat-duong-yen-lo-phuong-yen-nghia-1/ban-dep-ha-dong-ha-noi-7-8-ty-67-m2-chinh-chu-gia-tot-2-mat-tien-pr44262958
","7,8 tỷ ","116,42 triệu/m²",67 m²,6 m
"Nóng hổi em Giang quỹ căn độc quyền, chiết khấu 10,5%, HTLS 0% trong 18th, quà tân gia may mắn","Dự án Imperial Plaza, Đường Giải Phóng, Phường Phương Liệt, Thanh Xuân, Hà Nội","7 tỷ ~97,22 triệu/m²",72 m²,2025,"https://batdongsan.com.vn/ban-can-ho-chung-cu-duong-giai-phong-phuong-phuong-liet-prj-imperial-plaza/-nong-hoi-em-giang-pkd-chu-dau-tu-nhan-booking-toa-the-queen-chinh-sach-uu-dai-cuc-hap-dan-luon-pr43973841
",7 tỷ ,"97,22 triệu/m²",72 m²,
"Chính chủ bán nhà 5 tầng ô tô tránh ngõ 205 Xuân Đỉnh 31m², full nội thất, sổ đỏ 7.8 tỷ","Ngách 102, ngõ 205,Xuân Đỉnh, Bắc Từ Liêm, Hà Nội","7,8 tỷ ~251,61 triệu/m²",31 m² Mặt tiền 5.3 m,2025,"https://batdongsan.com.vn/ban-nha-rieng-duong-xuan-dinh-phuong-xuan-la/chinh-chu-ban-5-tang-o-to-tranh-ngo-205-31m-full-noi-that-so-do-7-8-ty-pr44257191
","7,8 tỷ ","251,61 triệu/m²",31 m²,5.3 m
"Trung tâm Hà Nội, ô tô tránh, đất tại 144 ngõ 56 Phố Thạch Cầu, 119 triệu / m2, 66.6 m2, giá rẻ","144 ngõ 56, Phố Thạch Cầu, Phường Long Biên, Long Biên, Hà Nội","119 triệu/m² ~7,92 tỷ","66,6 m² Mặt tiền 5 m",2025,"https://batdongsan.com.vn/ban-dat-pho-thach-cau-phuong-long-bien/ban-tai-144-ngo-56-115-trieu-m2-66-6-m2-gia-tot-uy-tin-pr43953450
","7,92 tỷ",119 triệu/m² ,"66,6 m²",5 m
Mua bán chung cư cao cấp giá rẻ Hà Nội Sunshine Garden cạnh Times City - Hai Bà Trưng - 0812 395 ***,"Dự án Sunshine Garden, Đường Dương Văn Bé, Phường Vĩnh Tuy, Hai Bà Trưng, Hà Nội","8,5 tỷ ~66,41 triệu/m²",128 m²,2025,"https://batdongsan.com.vn/ban-can-ho-chung-cu-duong-duong-van-be-phuong-vinh-tuy-prj-sunshine-garden/mua-ban-cao-cap-gia-re-ha-noi-quan-hai-ba-trung-lhe-em-pr39025009
","8,5 tỷ ","66,41 triệu/m²",128 m²,
Sunshine City Ciputra 10/2025: Giá rẻ hơn thị trường 300 triệu + giá tốt nhất+hỗ trợ vay ngân hàng,"Dự án Sunshine City, Phường Đông Ngạc, Bắc Từ Liêm, Hà Nội","9,2 tỷ ~92 triệu/m²",100 m²,2025,"https://batdongsan.com.vn/ban-can-ho-chung-cu-phuong-dong-ngac-prj-sunshine-city/danh-sach-quy-ciputra-4-2025-mua-o-dau-tu-gia-tot-nhat-tro-vay-ngan-hang-pr42740718
","9,2 tỷ ",92 triệu/m²,100 m²,
Quỹ Căn Liền Kề Biệt Thự Vinhomes Cổ Loa 15/10/2025 - Sở Hữu Lâu Dài,"Vinhomes Global Gate, Đường Cổ Loa, Xã Đông Hội, Đông Anh, Hà Nội","19 tỷ ~301,59 triệu/m²",63 m²,2025,"https://batdongsan.com.vn/ban-nha-biet-thu-lien-ke-duong-co-loa-xa-dong-hoi-prj-vinhomes-global-gate/quy-can-15-10-2025-so-huu-lau-dai-pr44289240
",19 tỷ ,"301,59 triệu/m²",63 m²,
"CC bán nhà OTO 7 chỗ vào nhà-Ngõ Thông Kinh Doanh-Thang Máy,Xây Mới-Cuối 192 Lê Trọng Tấn","Đường Lê Trọng Tấn, Phường Định Công, Hoàng Mai, Hà Nội","13,8 tỷ ~306,67 triệu/m²",45 m² 6 tầng,2025,"https://batdongsan.com.vn/ban-nha-rieng-duong-le-trong-tan-phuong-dinh-cong/cc-ban-oto-7-cho-vao-ngo-thong-kinh-doanh-thang-may-xay-moi-cuoi-192-tan-pr44292781
","13,8 tỷ ","306,67 triệu/m²",45 m² 6 tầng,
"Bảng quỹ căn đẹp giá tốt dự án Vinhomes Cổ Loa trực tiếp CĐT Vinhomes - chỉ từ 18,5 tỷ/căn","Dự án Vinhomes Cổ Loa, Đường Cổ Loa, Xã Đông Hội, Đông Anh, Hà Nội","18,5 tỷ ~296 triệu/m²","62,5 m²",2025,"https://batdongsan.com.vn/ban-nha-biet-thu-lien-ke-duong-co-loa-xa-dong-hoi-prj-vinhomes-global-gate/bang-quy-can-dep-gia-tot-du-an-truc-tiep-cdt-chi-tu-18-5-ty-can-pr43146615
","18,5 tỷ ",296 triệu/m²,"62,5 m²",
Cập nhật quỹ chuyển nhượng tháng 10/2025) Vinhomes Cổ Loa (sổ đỏ lâu dài) giá tốt nhất dự án,"Dự án Vinhomes Global Gate, Đường Cổ Loa, Xã Đông Hội, Đông Anh, Hà Nội","19 tỷ ~301,59 triệu/m²",63 m² Mặt tiền 5 m,2025,"https://batdongsan.com.vn/ban-nha-biet-thu-lien-ke-duong-co-loa-xa-dong-hoi-prj-vinhomes-global-gate/-cap-nhat-quy-chuyen-nhuong-thang-8-so-do-lau-dai-gia-tot-nhat-du-an-pr43748294
",19 tỷ ,"301,59 triệu/m²",63 m²,5 m
"Quỹ căn độc quyền Noble Palace Tây Thăng Long, Hoàng Quốc Việt - giá 10,5 tỷ nhận nhà cuối năm 2025","Noble Palace Tây Thăng Long, Đường Tây Thăng Long, Xã Tân Lập, Đan Phượng, Hà Nội","10,5 tỷ ~190,91 triệu/m²",55 m² Mặt tiền 5 m,2025,"https://batdongsan.com.vn/ban-shophouse-nha-pho-thuong-mai-duong-tay-thang-long-xa-tan-lap-24-prj-noble-palace-tay-thang-long/quy-can-doc-quyen-hoang-quoc-viet-gia-10-5-ty-n-cuoi-nam-2025-pr44286993
","10,5 tỷ ","190,91 triệu/m²",55 m²,5 m
QUỸ CĂN CHUYỂN NHƯỢNG ĐỘC QUYỀN GIÁ RẺ CHUNG CƯ SUNSHINE GOLDEN RIVER TÂY HỒ - EM HOÀNG 0965 100 ***,"Sunshine Golden River, Phú Thượng, Tây Hồ, Hà Nội","14 tỷ ~113,82 triệu/m²",123 m²,2025,"https://batdongsan.com.vn/ban-can-ho-chung-cu-phuong-phu-thuong-1-prj-sunshine-golden-river/quy-chuyen-nhuong-doc-quyen-gia-re-tay-em-ang-pr43835274
",14 tỷ ,"113,82 triệu/m²",123 m²,
"Quỹ căn rẻ nhất Vinhomes Global Cổ Loa 63m2 giá 18.5 tỷ, 67.5m2 22 tỷ 75m2 25 tỷ, LH: 0931 186 ***","Dự án Vinhomes Global Gate, Đường Cổ Loa, Xã Đông Hội, Đông Anh, Hà Nội","18,5 tỷ ~293,65 triệu/m²",63 m² 5 tầng,2025,"https://batdongsan.com.vn/ban-nha-biet-thu-lien-ke-duong-co-loa-xa-dong-hoi-prj-vinhomes-global-gate/quy-can-re-nhat-vinhome-t10-2025-dien-tich-63m2-gia-chi-18-5-ty-lh-pr44146950
","18,5 tỷ ","293,65 triệu/m²",63 m² 5 tầng,
"Bán căn liền kề đẹp xuất sắc tại Vinhomes Ocean Park Gia Lâm, 17 tỷ, 67,5m2","Vinhomes Ocean Park Gia Lâm, Dương Xá, Gia Lâm, Hà Nội","17 tỷ ~251,85 triệu/m²","67,5 m² Mặt tiền 5 m",2025,"https://batdongsan.com.vn/ban-nha-biet-thu-lien-ke-xa-duong-xa-prj-vinhomes-ocean-park-gia-lam/ban-can-dep-xuat-sac-tai-17-ty-67-5m2-pr44283870
",17 tỷ ,"251,85 triệu/m²","67,5 m²",5 m
"Quỹ căn ngoại giao trực tiếp CĐT Vinhomes chiết khấu 13,8% hỗ trợ vay 70% trong 24 tháng tặng 100tr","Vinhomes Wonder City, Xã Tân Hội, Đan Phượng, Hà Nội","18,1 tỷ ~150,83 triệu/m²",120 m²,2025,"https://batdongsan.com.vn/ban-nha-biet-thu-lien-ke-xa-tan-hoi-7-prj-vinhomes-wonder-city/quy-can-ngoai-giao-truc-tiep-cdt-chiet-khau-13-8-ho-tro-vay-70-trong-24-thang-tang-100tr-pr43702942
","18,1 tỷ ","150,83 triệu/m²",120 m²,
"Lk 96m2 giá 14,7 tỷ, 144m2 giá 21,5 tỷ, biệt thự 228m2 giá 31 tỷ. Quỹ căn đẹp và rẻ nhất thị trường","Dự án Vinhomes Wonder City, Xã Tân Hội, Đan Phượng, Hà Nội","14,7 tỷ ~153,12 triệu/m²",96 m² Mặt tiền 8 m,2025,"https://batdongsan.com.vn/ban-shophouse-nha-pho-thuong-mai-xa-tan-hoi-7-prj-vinhomes-wonder-city/lk-96m2-gia-14-7-ty-144m2-gia-21-5-ty-biet-thu-228m2-gia-31-ty-quy-can-dep-va-re-nhat-thi-truong-pr44282930
","14,7 tỷ ","153,12 triệu/m²",96 m²,8 m
"Băn căn shop chân đế. Mặt sảnh, cạnh đường lớn cho thuê dòng tiền 70triệu/tháng","Dự án Vinhomes Ocean Park Gia Lâm, Xã Dương Xá, Gia Lâm, Hà Nội","15,8 tỷ ~198,49 triệu/m²","79,6 m²",2025,"https://batdongsan.com.vn/ban-shophouse-nha-pho-thuong-mai-xa-duong-xa-prj-vinhomes-ocean-park-gia-lam/ban-can-shop-chan-de-mat-sanh-canh-lon-cho-thue-dong-tien-70trieu-thang-pr44281944
","15,8 tỷ ","198,49 triệu/m²","79,6 m²",
Quỹ căn hộ chuyển nhượng độc quyền giá rẻ Times City tháng 10/2025 - Em Giang: 0971 255 ***,"Dự án Times City, Đường Minh Khai, Phường Vĩnh Tuy, Hai Bà Trưng, Hà Nội","10,2 tỷ ~107,37 triệu/m²",95 m²,2025,"https://batdongsan.com.vn/ban-can-ho-chung-cu-duong-minh-khai-phuong-vinh-tuy-prj-times-city/quy-chuyen-nhuong-doc-quyen-gia-re-thang-10-2025-em-giang-pr44281802
","10,2 tỷ ","107,37 triệu/m²",95 m²,
Mua nhà tặng xe điện VF8/VF9. Cập nhật quỹ hàng tháng 10 trực tiếp CĐT Vin Đan Phượng,"Vinhomes Wonder City, Tân Hội, Đan Phượng, Hà Nội","15,6 tỷ ~150 triệu/m²",104 m² Mặt tiền 8 m,2025,"https://batdongsan.com.vn/ban-nha-biet-thu-lien-ke-xa-tan-hoi-7-prj-vinhomes-wonder-city/mua-tang-xe-vf3-vf8-vf9-cap-t-quy-hang-thang-8-truc-tiep-cdt-vin-dan-phuong-pr43808260
","15,6 tỷ ",150 triệu/m²,104 m²,8 m
"Bán nhà Đầm Trấu, đắc địa, dòng tiền 18tr/tháng tại Đầm Trấu, mặt thoáng trước sau","Đường Đầm Trấu, Phường Bạch Đằng, Hai Bà Trưng, Hà Nội","17 tỷ ~404,76 triệu/m²",42 m² Mặt tiền 4.6 m,2025,"https://batdongsan.com.vn/ban-nha-rieng-duong-dam-trau-phuong-bach-dang/ban-dac-dia-dong-tien-18tr-thang-tai-mat-thoang-truoc-sau-pr44279075
",17 tỷ ,"404,76 triệu/m²",42 m²,4.6 m
Cực sốc quỹ căn Liền kề - Biệt thự Hinode Royal Park chỉ từ 130 triệu/m2. Sổ đỏ sẵn giao dịch ngay,"Hinode Royal Park, Quốc lộ 32, Di Trạch, Hoài Đức, Hà Nội","14,5 tỷ ~152,63 triệu/m²",95 m² Mặt tiền 5 m,2025,"https://batdongsan.com.vn/ban-nha-biet-thu-lien-ke-duong-quoc-lo-32-xa-di-trach-prj-hinode-royal-park/cuc-soc-quy-can-chi-tu-130-trieu-m2-so-do-san-giao-dich-ngay-pr44278651
","14,5 tỷ ","152,63 triệu/m²",95 m²,5 m
"CHỦ NHÀ CẦN TIỀN BÁN GẤP - SHOPHOUSE CHÂN ĐẾ VỊ TRÍ VÀNG, GÓC MẶT SẢNH GIÁ CHỈ 120TR/M2","Vinhomes Ocean Park Gia Lâm, Dương Xá, Gia Lâm, Hà Nội","120 triệu/m² ~19,56 tỷ",163 m² Mặt tiền 10 m,2025,"https://batdongsan.com.vn/ban-shophouse-nha-pho-thuong-mai-xa-duong-xa-prj-vinhomes-ocean-park-gia-lam/chu-can-tien-ban-gap-chan-de-vi-tri-vang-goc-mat-sanh-chi-120tr-m2-pr44276906
","19,56 tỷ",120 triệu/m² ,163 m²,10 m
Chính chủ gửi bán căn 2N 77m2 tầng cao view đẹp nội thất giá tốt nhất thị trường Mipec Rubik 360,"Dự án Mipec Rubik 360, Đường Xuân Thủy, Phường Dịch Vọng Hậu, Cầu Giấy, Hà Nội","10,5 tỷ ~136,36 triệu/m²",77 m²,2025,"https://batdongsan.com.vn/ban-can-ho-chung-cu-duong-xuan-thuy-phuong-dich-vong-hau-prj-mipec-rubik-360/chinh-chu-gui-ban-2n-77m-full-noi-that-gia-tot-nhat-thi-truong-360-pr44209392
","10,5 tỷ ","136,36 triệu/m²",77 m²,
"GIÁ CỰC TỐT, BÁN CĂN GÓC 3PN 108.8M VIEW THOÁNG TẠI MIPEC RUBIK GIÁ 14TY2 CẦM SỔ ĐỎ","Mipec Rubik 360, 122, Đường Xuân Thủy, Phường Dịch Vọng Hậu, Cầu Giấy, Hà Nội","14,2 tỷ ~130,51 triệu/m²","108,8 m²",2025,"https://batdongsan.com.vn/ban-can-ho-chung-cu-duong-xuan-thuy-phuong-dich-vong-hau-prj-mipec-rubik-360/em-trang-ban-2n-77-5m-tang-trung-huong-dong-mat-me-san-so-do-view-thoang-pr44215476
","14,2 tỷ ","130,51 triệu/m²","108,8 m²",
Em duyên chuyên quỹ căn 2 - 3PN chung cư Mipec Rubik 360 Xuân Thuỷ! Bao giá tốt nhất thị trường,"Mipec Rubik 360, Đường Xuân Thủy, Phường Dịch Vọng Hậu, Quận Cầu Giấy, Hà Nội","10 tỷ ~129,03 triệu/m²","77,5 m²",2025,"https://batdongsan.com.vn/ban-can-ho-chung-cu-duong-xuan-thuy-phuong-dich-vong-hau-prj-mipec-rubik-360/em-duyen-chuyen-quy-2-3pn-360-bao-gia-tot-nhat-thi-truong-pr44269601
",10 tỷ ,"129,03 triệu/m²","77,5 m²",
7 TẦNG THANG MÁY -- NỘI THẤT TIỀN TỶ -- PHÂN LÔ VỈA HÈ -- MẶT PHỐ KINH DOANH -- GIÁ ĐẦU TƯ,"Phố Lý Thường Kiệt, Phường Quang Trung, Hà Đông, Hà Nội","19 tỷ ~345,46 triệu/m²",55 m² Mặt tiền 5 m,2025,"https://batdongsan.com.vn/ban-nha-mat-pho-pho-ly-thuong-kiet-phuong-quang-trung-17/giam-2-ty-ban-gap-duong-thong-via-he-4m-tang-gpxd-7-tang-pr44267843
",19 tỷ ,"345,46 triệu/m²",55 m²,5 m
